iterationName	gameid	time	trialNum	intendedName	svgData	currStrokeNum	shiftKeyUsed	previous_score	previous_bonus_score	startStrokeTime	endStrokeTime	eventType
testing	2685-3503a28a-66cb-4f68-9796-a9db5e8d011f	1580916287948	1	bears_3	M0,0c98.66667,91.66667 199.26958,181.2924 296,275c11.55402,11.19296 -29.63806,-14.6952 -40,-27c-37.07033,-44.02102 -65.86242,-131.36122 -81,-180c-8.55322,-27.48248 -39.72665,-63.04043 -20,-84c17.26762,-18.34685 46.83847,19.3264 68,33c3.63964,2.35177 -4.52146,16.30683 -5,12c-1.28083,-11.52749 9.11245,-41.74565 10,-45	1	1	0	0	1580916274844	1580916287525	stroke
