iterationName	gameid	time	trialNum	intendedName	svgData	currStrokeNum	shiftKeyUsed	previous_score	previous_bonus_score	startStrokeTime	endStrokeTime	eventType
testing	9351-2776c4db-5013-4719-8df3-005c809965f6	1580928668680	1	deer_1	M167,172c0,7.08806 -23.56497,29.17957 -28,39c-8.32,18.42285 -10,37.17206 -10,57	1	0	0	0	1580928667701	1580928667873	stroke
testing	9351-2776c4db-5013-4719-8df3-005c809965f6	1580928677238	2	owls_5	M164,163c-12.29493,0 -25.23962,3 -38,3c-58.60024,0 -43.26318,-47.30702 19,-31c18.20671,4.76842 35.98731,12.10981 52,22c29.00326,17.91378 40.31594,82.10439 35,114	1	0	3	0.73	1580928676078	1580928676434	stroke
