iterationName	gameid	time	trialNum	intendedName	svgData	currStrokeNum	shiftKeyUsed	previous_score	previous_bonus_score	startStrokeTime	endStrokeTime	eventType
testing	1656-ed0ef039-1b9e-4fc2-bf98-94d315be6674	1580921921503	1	owls_2	M186,114c-1.45309,0 -5.16853,1 -5,1c1.41421,0 2.36754,-4.26491 3,-3c3.07318,6.14636 -3.56015,13.2807 -5,20c-1.87252,8.73841 -5.48116,33.62325 -6,44c-0.84005,16.80096 -1.98196,39 5,39c10.46157,0 10.18193,-18.69762 12,-29c7.87761,-44.63977 7.27629,-60.30124 8,-103c0.0346,-2.04168 -0.03062,-36.96938 -3,-34c-2.28845,2.28845 -1.52487,21.26244 1,20c5.5471,-2.77355 12.83207,-26.63994 22,-19c12.81726,10.68105 47.0529,76.36776 40,94c-4.07215,10.18037 -8.88359,-20.24161 -11,-31c-4.23031,-21.50409 -4.20926,-38.92076 -9,-60	1	0	0	0	1580921919902	1580921921022	stroke
