iterationName	gameid	time	trialNum	intendedName	svgData	currStrokeNum	shiftKeyUsed	previous_score	previous_bonus_score	startStrokeTime	endStrokeTime	eventType
testing	0569-98988eea-cd6c-49e9-91c5-6c671d4f64cc	1574585798305	1	dining_01	M92,140c0,13.3292 -44.28515,52.14257 -58,59c-1.19257,0.59628 -3.2,1.06667 -4,0c-5.3082,-7.0776 14.26572,-27.29195 15,-28c22.26679,-21.47155 95,-38.85329 95,10	1	0	0	0	1574585797324	1574585797734	stroke
