iterationName	gameid	time	trialNum	intendedName	svgData	currStrokeNum	shiftKeyUsed	previous_score	previous_bonus_score	startStrokeTime	endStrokeTime	eventType
testing	8013-8c67e2f7-c056-4154-97f8-a16787f1e846	1574484754475	1	waiting_02	M123,161c-26.52363,0 -19.54055,-70.72973 1,-81c12.84619,-6.42309 27.14123,-1.96611 36,8c2.18107,2.45371 3.28783,5.79522 4,9c0.51131,2.30089 1,9.35702 1,7c0,-10.21006 9.17201,-52.18149 28,-31c8.52003,9.58503 5.66036,30.37747 4,42c-0.26814,1.87698 -1.74866,23 -1,23c0.4714,0 0.80854,-0.56923 1,-1c4.60999,-10.37248 4.92955,-21.57273 12,-31c0.40621,-0.54161 5.25098,-8.58171 8,-4c9.82953,16.38255 -8.23349,45.58372 -14,60c-2.55214,6.38035 -5.35698,12.65676 -8,19c-0.57335,1.37604 -1.75493,5.47043 -2,4c-1.05542,-6.33254 1.55684,-13.77264 0,-20c-0.45766,-1.83064 -2.26921,-0.73079 -3,0c-9.97549,9.97549 -32.07091,51.01289 -43,53c-10.27303,1.86782 -7.48758,-31.68624 -7,-39c0.21035,-3.15527 0,-10 3,-9c3.80789,1.2693 1.75104,8.05703 1,12c-2.82197,14.81534 -12.37348,39.68674 -27,47c-15.56186,7.78093 -36.91381,-16.13104 -48,-25	1	0	0	0	1574484752428	1574484754163	stroke
testing	8013-8c67e2f7-c056-4154-97f8-a16787f1e846	1574484822913	2	dining_01	M46,163c39.60611,0 62.35181,62.46264 67,95c0.76012,5.32082 -1.7175,-10.63259 -2,-16c-0.56004,-10.6408 -3.05843,-31.70584 14,-30c11.07212,1.10721 9.44896,23.66307 10,30c0.23281,2.67732 0.51926,5.35593 1,8c0.18856,1.03709 0.89511,4.04886 1,3c4.0913,-40.91304 2.91621,-81.07144 10,-122c1.40779,-8.1339 3.60212,-33.80106 14,-39c5.2831,-2.64155 4.79989,11.09671 5,17c0.84327,24.87658 -2.12881,50.38644 -10,74	1	0	0	0	1574484822025	1574484822625	stroke
