iterationName	gameid	time	trialNum	intendedName	svgData	currStrokeNum	shiftKeyUsed	previous_score	previous_bonus_score	startStrokeTime	endStrokeTime	eventType
testing	0112-8d0958d6-2fe7-41b5-9a49-dd37dbb93039	1579632143537	1	waiting_05	M132,76c0,5.85735 10.74961,10.24884 13,17c6.79897,20.39692 14.82505,76.26134 -11,88c-43.72234,19.87379 -54.90996,-113.67394 -13,-55c3.37404,4.72365 6.82095,13.20609 9,18	1	0	0	0	1579632142488	1579632143067	stroke
