iterationName	gameid	time	trialNum	intendedName	svgData	currStrokeNum	shiftKeyUsed	previous_score	previous_bonus_score	startStrokeTime	endStrokeTime	eventType
testing	6791-7bbf1e68-8050-4acb-bf65-0ab5e608c05d	1578447901887	1	dining_01	M198,253c0,-12.33911 -29.80427,-9.60867 -48,-15c-6.86209,-2.03321 -12.89796,-6.26004 -19,-10c-4.26301,-2.61281 -8.09566,-5.87652 -12,-9c-1.10432,-0.88345 -4.39497,-3.2325 -3,-3c17.42629,2.90438 29.97283,18.71048 45,28c6.08768,3.76329 12.76941,6.47836 19,10c1.45094,0.8201 5.66667,3 4,3c-17.73908,0 -57.44411,-9.15754 -63,-29c-3.01805,-10.77874 31,-37.95965 31,-27	1	0	0	0	1578447900560	1578447901162	stroke
