iterationName	gameid	time	trialNum	intendedName	svgData	currStrokeNum	shiftKeyUsed	previous_score	previous_bonus_score	startStrokeTime	endStrokeTime	eventType
testing	7363-8048b81f-7e6d-4521-bc67-165667cc0ecf	1580004868871	1	deer_2	M178,152c-10.18641,0 -20.8806,1.01194 -31,0c-46.3717,-4.63717 -30.86528,-41 16,-41c25.3216,0 35.9602,5.33256 51,25c8.84793,11.57037 16.29353,37.88392 11,52c-3.6282,9.6752 -13.54545,21.03895 -19,30c-14.74936,24.23109 -26.10604,48.61611 -36,75	1	0	0	0	1580004868505	1580004868891	stroke
