iterationName	gameid	time	trialNum	intendedName	svgData	currStrokeNum	shiftKeyUsed	previous_score	previous_bonus_score	startStrokeTime	endStrokeTime	eventType
testing	2201-ceac8e07-5041-4166-8fc7-1591da90548b	1578521760018	1	dining_01	M110,120c-14.68956,0 -26.19479,0.6903 -40,6c-7.32196,2.81614 -16.80091,5.40045 -24,9c-0.29814,0.14907 -0.26667,1.2 0,1c16.79313,-12.59485 35.19087,-17.13064 57,-21c88.63522,-15.7256 74.00164,86.99836 32,129	1	0	0	0	1578521759491	1578521759995	stroke
